<?xml version="1.0" encoding="UTF-8"?>
<!DOCTYPE nffgVerifier SYSTEM "nffgInfo.dtd" >

<nffgVerifier>

	<nffg nffgName="Nffg4" upTime="2016-09-25T15:21:20.000+02:00">

		<nodes>
			<node nodeName="MAILSERVER3">
				<providerCat funcType="MAIL_SERVER" />
			</node>
			<node nodeName="MAILSERVER4">
				<providerCat funcType="MAIL_SERVER" />
			</node>
			<node nodeName="MAILCLIENT1">
				<providerCat funcType="MAIL_CLIENT" />
			</node>
		</nodes>

		<links>
			<link destNode="MAILSERVER3" linkName="Link26" srcNode="MAILSERVER4" />
			<link destNode="MAILCLIENT1" linkName="Link38" srcNode="MAILSERVER3" />
		</links>

		<policies>
			<policy>
				<reachability destNode="MAILCLIENT1" isPositive="TRUE"
					nffgName="Nffg4" srcNode="MAILSERVER3" verficationMsg="Policy verification result not true"
					verificationResult="TRUE" verificationTime="2016-09-25T09:02:20.000+02:00" />
			</policy>
		</policies>
	</nffg>

	<nffg nffgName="Nffg5" upTime="2016-09-25T15:21:20.000+02:00">
		<nodes>
			<node nodeName="SPAM0">
				<providerCat funcType="SPAM" />
			</node>
			<node nodeName="NAT7">
				<providerCat funcType="NAT" />
			</node>
			<node nodeName="NAT5">
				<providerCat funcType="WEB_CLIENT" />
			</node>
		</nodes>

		<links>
			<link destNode="NAT7" linkName="Link8" srcNode="SPAM0" />
		</links>

		<policies>
			<policy>
				<traversal destNode="NAT7" isPositive="TRUE" nffgName="Nffg5"
					srcNode="SPAM0" verficationMsg="Policy verification result not true"
					verificationResult="TRUE" verificationTime="2016-09-25T09:02:20.000+02:00">
					<providerCat funcType="WEB_CLIENT" />
				</traversal>
			</policy>
		</policies>
	</nffg>
</nffgVerifier>
