<?xml version="1.0" encoding="UTF-8"?>
<tns:nffgVerifier xmlns:tns="http://www.example.org/nffgInfo" xmlns:xsi="http://www.w3.org/2001/XMLSchema-instance" xsi:schemaLocation="http://www.example.org/nffgInfo nffgInfo.xsd ">
  <tns:nffg nffgName="" upTime="2001-12-31T12:00:00">
    <tns:nodes>
      <tns:node nodeName="">
        <tns:providerCat>
          <tns:funcType>FW</tns:funcType>
        </tns:providerCat>
      </tns:node>
    </tns:nodes>
    <tns:links>
      <tns:link linkName="">
        <tns:srcNode>tns:srcNode</tns:srcNode>
        <tns:destNode>tns:destNode</tns:destNode>
      </tns:link>
    </tns:links>
    <tns:policies>
      <tns:policy policyName="">
        <tns:srcNode>tns:srcNode</tns:srcNode>
        <tns:destNode>tns:destNode</tns:destNode>
        <tns:isPositive>true</tns:isPositive>
        <tns:verificationResult>
          <tns:verificationTime>2001-12-31T12:00:00</tns:verificationTime>
          <tns:verificationMessage>tns:verificationMessage</tns:verificationMessage>
          <tns:verificationResult>true</tns:verificationResult>
        </tns:verificationResult>
        
        <tns:traversal policyName="">
          <tns:traversComponent>FW</tns:traversComponent>
          <tns:traversComponent>FW</tns:traversComponent>
          <tns:traversComponent>FW</tns:traversComponent>
          <tns:traversComponent>FW</tns:traversComponent>
          <tns:traversComponent>FW</tns:traversComponent>
        </tns:traversal>
     
      </tns:policy>
    </tns:policies>
  </tns:nffg>
</tns:nffgVerifier>
