<?xml version="1.0" encoding="UTF-8"?>

<project basedir="." name="rest-service-example">
	<description>
		Script for REST Web Service Examples
	</description>
	
	<property name="serviceName" value="time" />
	
	<property name="root.location" location="." />
	<property name="src.dir" location="${root.location}/src" />
	<property name="path.prefix" value="it/polito/dp2/rest" />
	<property name="build.dir" location="${root.location}/build" />
	<property name="lib.dir" location="${root.location}/lib" />
	<property name="resources.dir" location="${root.location}/${serviceName}/WebContent" />
	<property name="web.lib.dir" location="${resources.dir}/WEB-INF/lib" />
	<property name="gen.dir" location="${root.location}/generated" />
	<property name="gen-tomcat-service.dir" location="${root.location}/target"/>
	<property name="gen-war.dir" location="${root.location}/war" />
	<property name="debug" value="true" />
	<property name="debuglevel" value="source,lines,vars" />
	<property name="target" value="1.8" />
	<property name="source" value="1.8" />
	
	<import file="tomcat-build.xml"/>
	
	<path id="classpath">
		<fileset dir="${lib.dir}">
			<include name="**/*.jar" />
		</fileset>
		<fileset dir="${web.lib.dir}">
			<include name="**/*.jar" />
		</fileset>
	</path>
	
	<target name="init" depends="clean">
		<!-- make directories -->
	    <mkdir dir="${build.dir}"/>
		<mkdir dir="${gen.dir}"/>
		<mkdir dir="${gen-tomcat-service.dir}"/>		
		<mkdir dir="${gen-war.dir}"/>
	</target>  
	
	<target name="build.service" depends="init">
		<javac debug="on" 
	       fork="true"
	       destdir="${build.dir}" 
	       srcdir="${src.dir}"
		   includeantruntime="false"
		   source="${source}"
		   target="${target}"
	 	>
			<include name="${path.prefix}/${serviceName}/**/*.java"/>
			<classpath>
				<path refid="classpath" />
			</classpath>
		</javac>
	</target>
	
	<target name="package.service" depends="build.service">
		<!-- copy web module resource files to temporary destination folder -->
    	<copy toDir="${gen-tomcat-service.dir}" overwrite="true">
        	<fileset dir="${resources.dir}">
			</fileset>
      	</copy>
		<!-- copy class files to WEB-INF/classes directory -->
    	<copy toDir="${gen-tomcat-service.dir}/WEB-INF/classes" overwrite="true">
        	<fileset dir="${build.dir}"/>
      	</copy>
		<!-- copy lib files to WEB-INF/lib directory -->
    	<copy toDir="${gen-tomcat-service.dir}/WEB-INF/lib" overwrite="true">
        	<fileset dir="${lib.dir}">
        		<include name="*.jar"/>
			</fileset>
      	</copy> 
		<!-- make war archive -->
		<jar destfile="${gen-war.dir}/${serviceName}.war" basedir="${gen-tomcat-service.dir}"/>
	</target>

	
	<!--DELETE BUILD AND GENERATED DIRECTORIES-->
	<target name="clean" description="Clean build and generated">
		<delete dir="${build.dir}" />
		<delete dir="${gen.dir}" />
		<delete dir="${gen-tomcat-service.dir}"/>		
	</target>
	
	<target name="distclean" depends="clean" description="delete all">
		<delete dir="${gen-war.dir}" />
	</target>
	
</project>
