<?xml version="1.0" encoding="UTF-8"?>

<project basedir="." default="generate-artifacts" name="Assigment2_Ant">
	<description>
		Ant script for assignment2
	</description>

	<!-- define wjc task (WADL to JAVA) -->
	<taskdef name="wjc" classname="org.jvnet.ws.wadl2java.WJCTask">
		<classpath>
			<fileset dir="${lib.dir}" includes="*.jar" />
		</classpath>
	</taskdef>

	<!-- define client artifact generation path -->
	<target name="generate-artifacts">
		<mkdir dir="${gen.dir}" />
		<echo message="Compiling the descritption..." />
		<wjc target="${gen.dir}" autoSchemaPackage="false" package="it.polito.dp2.NFFG.sol2" description="${WADL}" />
	</target>
</project>

